SIGLA | SUBESTAÇÃO | ENDEREÇO

CCD | CASCADURA | AVENIDA ERNANI CARDOSO, 154 - CASCADURA - RJ

BPN | BRÁS DE PINA | RUA OURIQUE, Nº 285 - PENHA CIRCULAR
AGR | ÁGUA GRANDE | RUA BARÃO DE MELGAÇO, Nº 1255 - CORDOVIL
BMT | BOCA DO MATO | RUA LINS DE VASCONCELOS, Nº 586 - LINS
CBI | CACHAMBI | RUA CACHAMBI, Nº 301 - CACHAMBI
CDV | CORDOVIL | RUA CORONEL CAMISÃO, Nº 1217 - CORDOVIL
CLG | COLÉGIO | RUA SODRÉ DA GAMA, Nº 248 - COLÉGIO
CRD | CARANDA | RUA FONTOURA CHAVES, 24 - PIEDADE
DCT | DEL CASTILHO | AV. SEGAL, Nº 373 - DEL CASTILHO
DMC | DEMOCRÁTICOS | AV. DOS DEMOCRÁTICOS, Nº 911 - HIGIENÓPOLIS
GDL | GUADALUPE | EST. ALM. SANTIAGO DANTAS, 610 - GUADALUPE
LIN | LINS | RUA N.S.ª DA GUIA, Nº 209 - LINS
MRT | MERITI | RUA DR. JOSÉ SOARES, Nº 219 - P. ANANLÂNDIA
MTC | MATURACÁ | AV. BRÁS DE PINA, Nº 1173 - VILA DA PENHA
OLR | OLARIA | RUA MIN. MOREIRA DE ABREU, Nº 517 - OLARIA
PDD | PIEDADE | RUA GOIÁS, Nº 470 - PIEDADE
PER | PEDRO ERNESTO | RUA ELEUTÉRIO DA MOTA, Nº 545 - OLARIA
RAM | RAMOS | AV. DOS CAMPEÕES, Nº 601 - RAMOS
TER | TERRA NOVA | AV. ITAOCA, Nº 2284 - INHAÚMA
TUR | TURIAÇU | ESTR. DO SAPÊ, Nº 1174 - TURIAÇU
VGE | VIGÁRIO GERAL | RUA JORNALISTA GERALDO ROCHA, Nº 873 - J. AMÉRICA
WLS | WASHINGTON LUÍS | AV. PRESIDENTE KENNEDY, Nº 690 - CENTRO - D. CAXIAS


STS | SANTÍSSIMO | RUA CAMPINA GRANDE, S/Nº - CAMPO GRANDE
AFR | ARI FRANCO | ESTRADA DO ENGENHO, Nº 1887 - BANGU
BRI | BRISAMAR | ROD. RIO SANTOS, KM 19,5 - ITAGUAÍ
CAM | CAMARÁ | AV. CARLOS SAMPAIO CORREIA, 181 - SENADOR CAMARÁ
CHR | CACHAMORRA | ESTR. DO MONTEIRO, Nº 887
CMS | COSMOS | ESTR. DA PACIÊNCIA, Nº 3950 - PACIÊNCIA
ESP | ESPERANÇA | ESTRADA DE URUCÂNIA Nº 4780 - STA. CRUZ
ITG | ITAGUAÍ | AV. AYRTON SENNA, S/N - ITAGUAÍ
JAB | JABOATÃO | RUA JABOATÃO, Nº 22 - CAMPO GRANDE
MRP | MARAPICU | AV. ABÍLIO AUGUSTO TÁVORA, S/Nº 14435
MTO | MATO ALTO | AV. ALHAMBRA, Nº 494 - GUARATIBA
PCI | PACIÊNCIA | ESTRADA DE SANTA EUGÊNIA, 2600 - PACIÊNCIA
PLM | PALMARES | ESTR. DO FURADO, Nº 385 - PACIÊNCIA
PMG | PADRE MIGUEL | RUA GAL. AZEREDO, Nº 1010 - REALENGO
TQR | TAQUARA | RUA JORDÃO, Nº 225 - TAQUARA
VVQ | VILA VALQUEIRE | RUA GUAPIMIRIM, Nº 24 - VILA VALQUEIRE
ZIN | ZONA INDUSTRIAL | RUA AGUANIL, Nº 390 - SANTA CRUZ


NIG | NOVA IGUAÇU | AV. CEL. FRANCISCO SOARES, 385 - N. IGUAÇU
CRM | CARMARI | EST. SANTA RITA, 40 - S. LUIZ GONZAGA - NOVA IGUAÇU
ABR | AREIA BRANCA | RUA VARGAS COUTINHO, Nº 71 - PIAM - BELFORD ROXO
BML | BERNARDINO DE MELO | AV. GOV. AMARAL PEIXOTO C/TRAV. - N. IGUAÇU
CRO | COELHO DA ROCHA | RUA VER. CELSO MOREIRA GUERRA, 109 - PARQUE ALIAN
CSO | COM. SOARES | RUA MIN. LAFAYETE DE ANDRADE, Nº 1180 - JARDIM LUMAR
CXS | CAIXAS | RUA SEABRA SOBRINHO, Nº 1000 - CENTENÁRIO
ELD | ELDORADO | RUA IBIRARUMA, S/Nº - P. ELDORADO
IMT | INMETRO | AV. N. SRA. DAS GRAÇAS, Nº 0 - P. OPERÁRIA
MNB | MENA BARRETO | AV. PRES. COSTA E SILVA, Nº 125 - EDSON PASSOS
PVN | PAVUNA | AV. CHRYSÓSTOMO PIMENTEL DE OLIVEIRA, 1254 - PAVUNA
QMD | QUEIMADOS | R. DO ROSÁRIO, 644 - QUEIMADOS
RFR | ROCHA FREIRE | RUA AHIVA, Nº 586 - SANTA RITA
ROS | ROSALI | RUA SENADOR TARCÍSIO MEIRA, Nº 500 - VILA ROSALI
SJO | MERITI | AV. DO COMÉRCIO, S/N / RUA PEDRO LESSA, S/N
SRD | SEROPÉDICA | ESTRADA DAS ÁGUAS LINDAS, 463
SRP | SARAPUÍ | RUA ALEXANDRINO PINTO, Nº 794 - CAIXAS
STC | SANTA CLARA | RUA VEREADOR JOSÉ VIRGÍLIO DO PRADO, Nº 113
VIL | VILAR DOS TELES | AV. AUTOMÓVEL CLUBE, Nº 590 - SÃO JOSÉ - BELFORD ROXO
